id,battery_lvl,last_position,city_id,created_at
1,45,POINT(13.0038 55.6050),3,2024-08-27 16:01:08.744908
2,95,POINT(13.0038 55.6050),3,2023-12-24 06:24:11.479140
3,22,POINT(13.0038 55.6050),3,2024-04-21 21:49:43.936231
4,39,POINT(13.0038 55.6050),3,2024-10-05 19:52:25.545951
5,45,POINT(13.0038 55.6050),3,2024-10-25 03:00:01.819367
6,39,POINT(13.0038 55.6050),3,2024-07-26 07:16:40.145032
7,86,POINT(13.0038 55.6050),3,2024-08-24 12:09:38.085155
8,58,POINT(13.0038 55.6050),3,2023-12-20 14:08:38.438343
9,71,POINT(13.0038 55.6050),3,2024-05-25 04:20:11.622194
10,60,POINT(13.0038 55.6050),3,2024-05-08 11:03:20.249467
11,79,POINT(13.0038 55.6050),3,2024-08-21 23:25:27.596504
12,44,POINT(13.0038 55.6050),3,2023-12-31 06:35:42.372795
13,72,POINT(13.0038 55.6050),3,2024-07-03 09:35:58.776832
14,11,POINT(13.0038 55.6050),3,2024-10-30 07:55:18.183276
15,43,POINT(13.0038 55.6050),3,2024-10-24 21:25:51.293658
16,9,POINT(13.0038 55.6050),3,2024-02-13 12:38:36.810039
17,80,POINT(13.0038 55.6050),3,2024-04-14 17:04:22.669468
18,69,POINT(13.0038 55.6050),3,2024-05-20 11:14:09.046745
19,51,POINT(13.0038 55.6050),3,2024-04-21 05:21:22.138536
20,73,POINT(13.0038 55.6050),3,2023-12-18 08:02:34.744895
21,30,POINT(13.0038 55.6050),3,2024-05-30 16:57:45.370676
22,1,POINT(13.0038 55.6050),3,2024-09-28 13:31:47.665221
23,51,POINT(13.0038 55.6050),3,2024-06-14 09:24:44.174650
24,39,POINT(13.0038 55.6050),3,2024-02-08 08:14:18.478355
25,35,POINT(13.0038 55.6050),3,2024-09-23 04:25:41.868792
26,57,POINT(13.0038 55.6050),3,2024-05-20 01:27:31.563439
27,85,POINT(13.0038 55.6050),3,2024-09-05 01:23:21.335017
28,99,POINT(13.0038 55.6050),3,2024-10-07 07:09:41.093088
29,100,POINT(13.0038 55.6050),3,2024-10-03 03:25:06.221869
30,94,POINT(13.0038 55.6050),3,2024-01-31 13:12:23.697261
31,65,POINT(13.0038 55.6050),3,2024-05-07 21:29:23.104447
32,79,POINT(13.0038 55.6050),3,2024-07-09 05:16:07.420187
33,29,POINT(13.0038 55.6050),3,2024-06-28 16:13:42.279989
34,34,POINT(13.0038 55.6050),3,2024-03-06 16:20:48.163900
35,58,POINT(13.0038 55.6050),3,2024-07-02 20:29:36.925974
36,46,POINT(13.0038 55.6050),3,2024-06-09 16:10:50.518858
37,38,POINT(13.0038 55.6050),3,2024-07-02 18:15:00.994924
38,100,POINT(13.0038 55.6050),3,2024-11-26 18:13:43.228355
39,99,POINT(13.0038 55.6050),3,2024-05-15 03:14:12.638389
40,80,POINT(13.0038 55.6050),3,2024-06-14 17:42:45.976731
41,62,POINT(13.0038 55.6050),3,2024-11-17 20:28:22.736096
42,71,POINT(13.0038 55.6050),3,2024-08-08 03:38:39.856678
43,69,POINT(13.0038 55.6050),3,2024-01-17 22:17:32.080712
44,32,POINT(13.0038 55.6050),3,2024-07-27 20:14:44.611220
45,38,POINT(13.0038 55.6050),3,2024-07-19 04:39:56.478479
46,65,POINT(13.0038 55.6050),3,2024-08-23 21:49:43.825254
47,72,POINT(13.0038 55.6050),3,2024-04-07 02:35:42.014758
48,2,POINT(13.0038 55.6050),3,2024-04-23 13:21:27.076120
49,40,POINT(13.0038 55.6050),3,2024-05-07 07:58:02.536094
50,30,POINT(13.0038 55.6050),3,2024-10-08 22:58:24.219568
51,14,POINT(13.0038 55.6050),3,2024-08-19 22:49:40.965513
52,93,POINT(13.0038 55.6050),3,2024-11-21 21:59:20.458003
53,7,POINT(13.0038 55.6050),3,2024-01-12 21:56:56.476211
54,4,POINT(13.0038 55.6050),3,2024-06-08 02:59:48.125380
55,90,POINT(13.0038 55.6050),3,2024-04-02 22:45:33.071291
56,99,POINT(13.0038 55.6050),3,2024-11-11 17:12:31.492133
57,60,POINT(13.0038 55.6050),3,2024-05-06 02:31:15.805382
58,40,POINT(13.0038 55.6050),3,2024-10-15 18:52:21.538302
59,60,POINT(13.0038 55.6050),3,2024-01-29 15:23:44.179846
60,28,POINT(13.0038 55.6050),3,2024-04-05 20:34:22.206016
61,99,POINT(13.0038 55.6050),3,2024-03-06 14:57:53.836365
62,43,POINT(13.0038 55.6050),3,2024-11-11 11:07:38.322878
63,41,POINT(13.0038 55.6050),3,2024-05-25 04:43:38.112653
64,40,POINT(13.0038 55.6050),3,2024-06-12 03:15:33.582008
65,80,POINT(13.0038 55.6050),3,2024-02-19 00:38:23.199645
66,39,POINT(13.0038 55.6050),3,2024-06-27 18:54:09.471690
67,47,POINT(13.0038 55.6050),3,2024-11-12 10:53:21.084075
68,6,POINT(13.0038 55.6050),3,2024-08-12 01:16:23.817344
69,68,POINT(13.0038 55.6050),3,2024-04-22 19:00:10.337880
70,35,POINT(13.0038 55.6050),3,2024-02-05 08:39:30.525481
71,64,POINT(13.0038 55.6050),3,2024-03-19 12:51:05.726483
72,20,POINT(13.0038 55.6050),3,2024-09-25 16:16:43.916252
73,55,POINT(13.0038 55.6050),3,2024-02-04 13:44:31.150681
74,22,POINT(13.0038 55.6050),3,2024-08-04 13:38:01.378465
75,56,POINT(13.0038 55.6050),3,2024-05-23 18:47:10.479585
76,75,POINT(13.0038 55.6050),3,2024-05-06 13:45:50.715140
77,98,POINT(13.0038 55.6050),3,2024-06-22 00:42:03.630899
78,23,POINT(13.0038 55.6050),3,2024-03-17 19:13:44.514065
79,88,POINT(13.0038 55.6050),3,2023-12-17 01:11:03.868609
80,46,POINT(13.0038 55.6050),3,2024-06-21 13:10:21.547842
81,91,POINT(13.0038 55.6050),3,2024-06-12 03:20:31.506021
82,44,POINT(13.0038 55.6050),3,2024-11-14 21:00:38.115371
83,63,POINT(13.0038 55.6050),3,2024-02-13 10:50:50.750696
84,66,POINT(13.0038 55.6050),3,2024-03-29 15:09:51.469377
85,69,POINT(13.0038 55.6050),3,2024-01-13 10:06:12.685013
86,89,POINT(13.0038 55.6050),3,2024-08-18 20:02:16.582624
87,53,POINT(13.0038 55.6050),3,2024-11-23 10:56:15.383197
88,55,POINT(13.0038 55.6050),3,2024-09-26 04:38:50.871475
89,100,POINT(13.0038 55.6050),3,2024-07-13 09:56:50.758246
90,67,POINT(13.0038 55.6050),3,2023-12-08 08:08:12.810638
91,3,POINT(13.0038 55.6050),3,2023-12-12 12:19:54.304549
92,24,POINT(13.0038 55.6050),3,2023-12-28 10:05:45.753319
93,26,POINT(13.0038 55.6050),3,2024-09-30 09:30:11.745108
94,90,POINT(13.0038 55.6050),3,2024-04-17 14:08:11.995550
95,21,POINT(13.0038 55.6050),3,2024-11-04 05:13:13.056781
96,91,POINT(13.0038 55.6050),3,2024-05-31 04:43:48.175484
97,55,POINT(13.0038 55.6050),3,2024-04-15 15:55:16.600630
98,5,POINT(13.0038 55.6050),3,2024-10-07 06:46:32.231927
99,38,POINT(13.0038 55.6050),3,2024-10-11 15:04:07.242116
100,3,POINT(13.0038 55.6050),3,2024-08-27 07:17:04.762081
